pair;x;y
1;55,3846;97,1795
1;51,5385;96,0256
1;46,1538;94,4872
1;42,8205;91,4103
1;40,7692;88,3333
1;38,7179;84,8718
1;35,641;79,8718
1;33,0769;77,5641
1;28,9744;74,4872
1;26,1538;71,4103
1;23,0769;66,4103
1;22,3077;61,7949
1;22,3077;57,1795
1;23,3333;52,9487
1;25,8974;51,0256
1;29,4872;51,0256
1;32,8205;51,0256
1;35,3846;51,4103
1;40,2564;51,4103
1;44,1026;52,9487
1;46,6667;54,1026
1;50;55,2564
1;53,0769;55,641
1;56,6667;56,0256
1;59,2308;57,9487
1;61,2821;62,1795
1;61,5385;66,4103
1;61,7949;69,1026
1;57,4359;55,2564
1;54,8718;49,8718
1;52,5641;46,0256
1;48,2051;38,3333
1;49,4872;42,1795
1;51,0256;44,1026
1;45,3846;36,4103
1;42,8205;32,5641
1;38,7179;31,4103
1;35,1282;30,2564
1;32,5641;32,1795
1;30;36,7949
1;33,5897;41,4103
1;36,6667;45,641
1;38,2051;49,1026
1;29,7436;36,0256
1;29,7436;32,1795
1;30;29,1026
1;32,0513;26,7949
1;35,8974;25,2564
1;41,0256;25,2564
1;44,1026;25,641
1;47,1795;28,718
1;49,4872;31,4103
1;51,5385;34,8718
1;53,5897;37,5641
1;55,1282;40,641
1;56,6667;42,1795
1;59,2308;44,4872
1;62,3077;46,0256
1;64,8718;46,7949
1;67,9487;47,9487
1;70,5128;53,718
1;71,5385;60,641
1;71,5385;64,4872
1;69,4872;69,4872
1;46,9231;79,8718
1;48,2051;84,1026
1;50;85,2564
1;53,0769;85,2564
1;55,3846;86,0256
1;56,6667;86,0256
1;56,1538;82,9487
1;53,8462;80,641
1;51,2821;78,718
1;50;78,718
1;47,9487;77,5641
1;29,7436;59,8718
1;29,7436;62,1795
1;31,2821;62,5641
1;57,9487;99,4872
1;61,7949;99,1026
1;64,8718;97,5641
1;68,4615;94,1026
1;70,7692;91,0256
1;72,0513;86,4103
1;73,8462;83,3333
1;75,1282;79,1026
1;76,6667;75,2564
1;77,6923;71,4103
1;79,7436;66,7949
1;81,7949;60,2564
1;83,3333;55,2564
1;85,1282;51,4103
1;86,4103;47,5641
1;87,9487;46,0256
1;89,4872;42,5641
1;93,3333;39,8718
1;95,3846;36,7949
1;98,2051;33,718
1;56,6667;40,641
1;59,2308;38,3333
1;60,7692;33,718
1;63,0769;29,1026
1;64,1026;25,2564
1;64,359;24,1026
1;74,359;22,9487
1;71,2821;22,9487
1;67,9487;22,1795
1;65,8974;20,2564
1;63,0769;19,1026
1;61,2821;19,1026
1;58,7179;18,3333
1;55,1282;18,3333
1;52,3077;18,3333
1;49,7436;17,5641
1;47,4359;16,0256
1;44,8718;13,718
1;48,7179;14,8718
1;51,2821;14,8718
1;54,1026;14,8718
1;56,1538;14,1026
1;52,0513;12,5641
1;48,7179;11,0256
1;47,1795;9,8718
1;46,1538;6,0256
1;50,5128;9,4872
1;53,8462;10,2564
1;57,4359;10,2564
1;60;10,641
1;64,1026;10,641
1;66,9231;10,641
1;71,2821;10,641
1;74,359;10,641
1;78,2051;10,641
1;67,9487;8,718
1;68,4615;5,2564
1;68,2051;2,9487
1;37,6923;25,7692
1;39,4872;25,3846
1;91,2821;41,5385
1;50;95,7692
1;47,9487;95
1;44,1026;92,6923
2;32,33111023;61,41110125
2;53,42146288;26,18688039
2;63,92020226;30,83219392
2;70,28950572;82,53364859
2;34,11883024;45,73455132
2;67,6707164;37,11094797
2;53,25912941;97,4757711
2;63,51498087;25,10007858
2;67,98053881;80,95716522
2;67,3724659;29,7204002
2;15,56074952;80,06564029
2;71,79076769;71,06546666
2;70,24254644;24,10959755
2;64,93743554;81,55420499
2;62,21352455;21,475839
2;67,26940048;18,70896837
2;40,57019704;79,37296348
2;74,74118133;21,1016372
2;71,76831892;20,01106184
2;76,16691981;75,9361704
2;65,62365744;15,58280335
2;50,85063364;13,98760163
2;33,02407002;24,46783039
2;39,70632617;84,2752871
2;45,59648495;9,763348849
2;42,96804691;17,9454584
2;52,49440678;16,0511142
2;46,08227578;23,11045782
2;74,24770821;20,31418781
2;64,56826419;83,6396339
2;74,02169391;76,12827451
2;62,39118056;5,623070761
2;74,18903668;68,13358322
2;28,23678194;56,13959645
2;75,77193879;69,82923003
2;75,85522947;62,51704429
2;65,97085702;72,744856
2;21,77804048;6,616625307
2;67,75979625;72,42120153
2;78,61719534;52,57525731
2;68,50770819;15,45691897
2;74,88502116;25,41660632
2;66,45490366;19,83662865
2;77,3178021;48,39834644
2;58,91246032;75,66775622
2;57,61744782;8,194800603
2;76,0882258;59,67993002
2;57,46605055;1,504418175
2;79,42838349;45,21079429
2;76,35652215;10,41824113
2;64,40507526;78,58417608
2;40,63504181;73,39475037
2;43,94986459;75,95871567
2;30,99622058;71,69440494
2;68,23076899;80,87250166
2;72,04638946;12,91800673
2;46,59276797;84,97238278
2;49,25721834;81,88140323
2;42,78176125;12,99118843
2;65,4759522;14,27458564
2;71,96508265;17,71023594
2;32,14646234;43,48170944
2;31,8384977;71,81216539
2;31,00525826;40,68250301
2;80,47089432;49,50214835
2;71,96416711;41,87428267
2;78,07942144;93,13331677
2;41,67759577;30,20126408
2;65,95359519;31,14740608
2;62,93445937;31,9163907
2;64,37379798;28,86258341
2;72,50932836;39,54013025
2;30,05228987;96,61754235
2;28,00332424;46,67219195
2;75,40122686;88,63907662
2;38,98001542;87,32216069
2;65,21991355;84,68295493
2;73,05398996;29,38080856
2;34,39836164;59,5444469
2;43,49045013;40,78254207
2;55,13873797;30,72576036
2;43,68439343;32,82300987
2;35,90360973;91,11186308
2;45,37801888;29,16921665
2;39,77748287;43,75581895
2;38,66446116;33,31723848
2;39,04403669;84,67601083
2;91,63996144;79,40660306
2;47,48813268;85,38993338
2;44,59021258;22,03401164
2;39,08961455;70,46619408
2;42,22937838;19,91406841
2;37,00038714;60,26427925
2;39,05208648;70,65250285
2;37,48841474;60,81440485
2;69,35955946;65,5213546
2;43,54277593;62,46031128
2;39,81123025;65,33483281
2;70,06892594;7,593465609
2;70,04054358;77,1438066
2;39,50578908;74,85162722
2;62,51689085;66,48473224
2;72,13992541;0,015119325
2;45,25157607;70,00342132
2;42,06330456;2,335196612
2;36,35569515;6,00584865
2;30,39182766;42,75961287
2;36,44900385;50,54626907
2;40,467576;60,02751209
2;81,7246168;6,037544846
2;48,8231975;76,63533058
2;35,62056177;57,28601558
2;50,58396311;71,8066161
2;61,85646511;71,79274316
2;39,32375603;59,30081967
2;42,18567914;66,03489782
2;30,84691899;37,3416401
2;29,34620043;42,14874183
2;82,11055798;1,210551663
2;38,30200581;60,01778579
2;56,58415302;70,51251481
2;33,33937429;0,509106735
2;78,77423904;35,48410121
2;27,92264424;25,98687818
2;71,69786512;10,86814451
2;74,13833139;49,17391898
2;32,57902007;1,808115597
2;59,83218542;69,15250814
2;35,03062855;12,53664934
2;74,30011983;42,47709459
2;63,25019706;65,9524862
2;34,17307376;25,69367431
2;40,91383193;38,55901955
2;62,83329309;62,51089423
2;42,47679238;56,73128997
2;52,03345628;64,56666203
2;48,90704296;74,28774883
2;59,85183839;72,95839097
2;48,9604602;72,62952573
2;46,84485517;36,79171369
2;39,96302158;42,94491485
2;66,704944;32,01509543
3;53,36656687;90,20803001
3;52,80197936;90,08806451
3;47,05412988;90,45893603
3;42,44843378;89,50770012
3;42,70403632;90,44262886
3;32,37893863;90,14414263
3;32,53070274;70,15739651
3;33,36526443;70,45933544
3;32,65609918;70,0510705
3;22,95509327;70,42689515
3;27,14984363;70,21080584
3;26,16690928;70,50031512
3;26,33145708;50,49455653
3;22,00370914;50,49944012
3;23,28474798;50,47435283
3;27,63403839;50,50366686
3;32,037108;50,50006612
3;29,33651065;50,46189397
3;40,81695313;50,4877602
3;42,73907512;50,48315599
3;51,86789377;50,49327326
3;43,37100189;50,50083732
3;53,0427983;50,48750387
3;56,6189103;50,50337402
3;70,56828982;50,49623612
3;67,87088729;70,06802613
3;58,82154659;70,45578175
3;60,18692784;70,48355125
3;59,43551748;50,42063261
3;49,58584348;50,43498138
3;41,77974178;50,47064228
3;46,12768634;30,44941078
3;38,03378377;50,49089952
3;44,54684128;50,41591338
3;46,2381176;30,49561294
3;49,73974533;30,47272489
3;39,11025189;30,47869518
3;39,14283779;30,79285594
3;34,62547027;30,49974103
3;34,75420747;30,495865
3;36,75370024;50,5293043
3;37,01935129;50,4926667
3;41,41711528;50,46977342
3;22,81710748;30,43604034
3;34,80070146;30,49793139
3;27,8918898;30,48497026
3;32,87063916;30,50234175
3;37,79404941;30,49263834
3;35,6673163;30,52203505
3;48,4422995;30,50172278
3;58,66937326;30,50683789
3;47,91695544;30,48672575
3;51,89416639;30,49475568
3;51,74908916;30,47299334
3;58,246553;50,44287449
3;57,31069687;50,48251329
3;67,96804811;50,45215891
3;65,94931927;50,49424079
3;55,74709281;50,4789748
3;68,40301004;50,49862723
3;76,69646563;50,49383056
3;67,21483712;70,26002844
3;72,30200573;70,22043738
3;66,76325739;70,47386171
3;51,68030044;89,99702755
3;53,09655736;89,54024371
3;42,24229294;89,70857859
3;56,23387566;89,63530816
3;54,68098658;89,96459946
3;57,90268661;89,61840173
3;51,82026255;89,8341304
3;56,82839534;89,58366473
3;58,27227859;69,90027296
3;51,82812745;70,35264921
3;44,84998426;70,39520297
3;24,27038239;50,48556769
3;34,74247144;70,33993489
3;37,79931493;70,46953588
3;49,78694106;89,65804699
3;59,75149741;89,73193252
3;64,77479924;90,13231674
3;70,8444476;89,92420902
3;70,60594551;90,04206196
3;78,64248839;89,55120323
3;70,81069225;89,59265401
3;66,76994662;70,42337521
3;73,33636816;70,31692717
3;73,10514816;70,30051188
3;74,67825414;70,44531419
3;80,24025095;70,35430896
3;70,94684907;50,47270179
3;88,66266381;50,45532602
3;84,40595283;50,49486589
3;75,98710471;50,49196696
3;91,11208542;50,48938939
3;98,28812327;30,60391937
3;95,06527484;30,50040287
3;95,24923396;30,45945421
3;49,65612629;50,43131987
3;63,01860093;30,49258193
3;70,5382006;30,48355825
3;70,08686977;30,51004482
3;62,68569044;30,54642456
3;69,23941796;30,50600524
3;80,40023368;30,48500637
3;74,64787823;30,67386286
3;65,99527272;30,47502419
3;67,088559;30,49452395
3;59,85257703;10,54318778
3;53,74899007;10,52257453
3;58,23909552;10,49489903
3;54,8103005;10,72492928
3;52,97671232;10,85949028
3;52,20389393;10,49563692
3;50,74516224;10,52490557
3;42,71319362;10,48754724
3;45,31722551;10,49587339
3;53,11691504;10,5068606
3;57,04980182;10,50813694
3;54,85463095;10,46391519
3;54,92484256;10,49833194
3;63,30955403;10,48881424
3;49,74949841;10,48580291
3;41,16931042;10,49730024
3;46,6883405;10,50753214
3;52,41892192;10,49590636
3;50,87848838;10,50308987
3;57,05330614;10,51406924
3;70,78645116;10,51369504
3;56,77214957;10,50327235
3;75,47722202;10,51856804
3;76,76591215;10,49699906
3;77,62104913;10,49587423
3;65,41448705;10,68184013
3;69,9647805;10,50723293
3;64,96973826;10,48215951
3;38,05024078;30,40794603
3;42,22412022;30,49803716
3;87,69846429;50,48993653
3;52,36033107;89,70431701
3;51,40678679;89,71213855
3;43,58846847;89,74553655
4;50,48150817;93,22270137
4;50,28240567;97,60998357
4;50,18670334;99,69468014
4;50,32691086;90,02205349
4;50,45620733;89,98741013
4;30,46484693;82,08923208
4;30,50159647;82,30712635
4;30,48956923;77,72988014
4;30,45024833;79,8348944
4;30,5183948;68,25258294
4;30,51166121;66,09371818
4;30,49807771;62,38498503
4;30,62022775;60,86008215
4;30,49218542;55,87891689
4;30,47463433;52,32215964
4;30,50099808;48,06969968
4;30,49442136;45,77347553
4;30,49954455;49,38209975
4;50,14439298;47,01428364
4;49,91289859;55,58783891
4;50,33742749;57,95531428
4;50,4189792;60,52491173
4;50,20525897;57,92421717
4;50,43531516;56,43932247
4;69,5057889;59,28492483
4;69,53407098;64,89297733
4;69,51010693;61,32962443
4;69,52632289;56,99527913
4;49,94723996;48,22957673
4;50,06310413;58,08503756
4;50,48990237;39,20541197
4;49,68886384;42,01851441
4;50,33348111;43,58867148
4;50,44675142;57,23058894
4;50,4209092;43,3479569
4;50,37405205;32,91824062
4;30,47682991;39,42460559
4;30,50347435;38,34855614
4;30,50483493;28,77148799
4;30,46221846;32,75047203
4;30,49130262;43,56137408
4;30,44965384;44,995123
4;30,48599422;47,34794647
4;30,50207679;36,44121292
4;30,47805889;28,02058049
4;30,50116088;38,31413856
4;30,50477302;26,41662567
4;30,50911533;22,82554712
4;50,11563217;16,69400655
4;50,44830134;21,64025646
4;50,17317743;29,17786439
4;49,92274192;38,44047291
4;50,31129937;26,86048827
4;50,39940961;38,96383892
4;50,33736264;40,91338614
4;50,2023181;47,212948
4;50,27493261;49,62349934
4;69,49438031;52,61241071
4;69,51933976;47,38453371
4;69,52918261;57,84126668
4;69,4957555;58,78507316
4;69,19905771;60,41895732
4;69,55109144;58,40109827
4;69,50668432;68,08446679
4;50,44411755;75,01329951
4;50,46722938;90,28146451
4;50,21088198;80,94177171
4;50,20540696;90,6405359
4;50,43829066;92,35476027
4;50,37351885;82,21920572
4;50,25368369;81,74382872
4;50,25047086;71,95138521
4;50,08705836;73,95187363
4;50,23107188;80,64738706
4;50,20774112;73,11450352
4;30,49950617;53,61252767
4;30,52036124;65,10040907
4;30,45495589;63,50177878
4;50,41647723;97,26969196
4;69,52506938;93,59805021
4;69,5202566;97,19387602
4;69,49897007;92,12048993
4;69,52861566;91,62208824
4;69,49976693;84,47968329
4;69,50380137;81,81540562
4;69,4875894;81,83598756
4;69,51911573;71,11596722
4;69,50437629;70,49344382
4;69,51257301;61,49756395
4;89,49420056;62,23432697
4;89,50012405;53,21633062
4;89,49024625;48,89079655
4;89,49778562;46,62990667
4;89,50485113;48,42340816
4;89,50105265;43,3473437
4;89,48884125;40,62509122
4;89,50162353;45,81517919
4;89,49752966;33,90137267
4;50,43909202;37,6707718
4;50,17985013;36,80755934
4;69,50507067;33,7401525
4;69,57986705;21,93523675
4;69,50647195;22,72866287
4;69,49947887;16,33746998
4;69,50026475;27,13602399
4;69,50415652;23,6689181
4;69,53227958;21,85090082
4;69,50011149;11,79162601
4;69,50481542;15,61435826
4;69,50347452;17,16908977
4;50,37740199;16,50601506
4;50,33942548;18,72345069
4;50,0936501;11,60771342
4;49,93412717;22,25613974
4;50,28881861;13,43641047
4;50,28799443;12,87228221
4;50,2347207;20,40447292
4;50,27970164;15,60873757
4;50,25300672;11,30208425
4;50,47414112;12,46199667
4;50,10843997;18,25904434
4;49,91905825;3,716853886
4;50,08366451;10,2358819
4;50,35226084;12,46860053
4;50,49757224;7,409625234
4;50,01630583;16,25368479
4;50,46822122;13,35670246
4;69,55067898;9,032987569
4;69,51867275;15,18048643
4;69,50345741;16,87831327
4;69,49948683;10,20782668
4;69,52752968;9,992296666
4;69,51909526;11,4226857
4;69,56189943;15,99980379
4;69,50104452;5,955833539
4;69,52463598;2,73476017
4;30,49959371;26,08556157
4;30,48739171;19,77947037
4;89,50018047;31,97891744
4;50,41027163;98,62836944
4;50,32592439;94,99463085
4;50,1040315;95,08853802
5;38,33775718;92,47271905
5;35,75187079;94,11676803
5;32,76721796;88,51829458
5;33,72960678;88,62226579
5;37,23824933;83,72492841
5;36,02719822;82,04078065
5;39,23928078;79,26372384
5;39,78452494;82,2605659
5;35,16602939;84,15649198
5;40,62211592;78,54210421
5;39,18190709;79,8190372
5;42,43088899;75,13363464
5;43,08125586;75,34670164
5;44,36071943;70,47420705
5;44,32477884;71,0459044
5;47,5521602;66,46040372
5;48,66492462;64,96100494
5;46,28063196;68,02842315
5;50,56324448;62,62382797
5;52,63096423;59,96393579
5;54,63620644;57,49384244
5;51,34602714;61,60055304
5;57,13485535;53,8779658
5;54,17124157;58,0598079
5;50,94238231;62,09739394
5;66,51292446;59,07128185
5;64,3979095;56,1748754
5;68,68659329;62,23734399
5;65,02779371;57,09625735
5;53,30450317;40,88384455
5;52,94517809;40,38462569
5;45,2257382;30,55522592
5;50,84330462;37,7446281
5;49,65929394;36,27344274
5;47,14278893;32,02506417
5;41,27005653;21,72181715
5;47,13012716;31,30990292
5;40,91597158;23,54159239
5;38,66016397;21,68954964
5;42,61255083;24,19505377
5;41,2090395;24,12870919
5;50,64922115;37,48379074
5;52,13190194;39,36460208
5;39,79727127;16,08354965
5;43,54988148;24,30721094
5;36,71466334;17,38180986
5;37,22461013;17,98006448
5;40,51244785;22,96221457
5;40,22206279;20,6146217
5;44,12496121;23,36624529
5;42,3462616;24,55832694
5;44,18908437;28,77262547
5;45,81424531;31,05697967
5;46,64311927;31,40721906
5;52,1898883;39,36779649
5;51,10031736;38,09569998
5;65,40083415;42,61403204
5;64,85203983;43,13373484
5;63,40380601;44,84749369
5;65,37154887;42,69597132
5;61,9080397;53,19035207
5;71,826653;65,68623036
5;72,65462316;66,87827761
5;76,88857816;72,16547208
5;43,74461968;71,26796108
5;39,05424844;83,1190207
5;39,93167463;79,939188
5;39,76282611;76,40596745
5;41,32338329;80,2118686
5;41,78732323;83,98807799
5;39,75564907;79,65709664
5;40,7498794;77,20465729
5;43,8568985;77,60984365
5;42,3678225;73,63827183
5;39,46295984;78,4599739
5;44,51733395;70,36934983
5;41,636093;76,24922292
5;45,42293218;69,09550167
5;42,00285627;97,83761472
5;76,10562903;95,30498058
5;79,20256268;92,40721563
5;84,84824409;95,42480453
5;81,56447532;83,79290723
5;85,4461864;83,07829384
5;80,31249138;76,51623895
5;80,7662323;79,89606568
5;82,67011248;81,71147985
5;77,16362548;73,52371896
5;74,07070003;68,47956429
5;74,11423087;71,92636352
5;68,94207546;62,63515058
5;73,24200233;67,35327113
5;71,86701316;34,32915759
5;71,56918885;34,69921861
5;71,48290969;34,68051699
5;78,12852205;23,13923184
5;78,78982525;25,59719335
5;77,7815468;23,44721447
5;48,53062937;34,15245001
5;65,53078147;42,2810847
5;70,11803414;36,44818479
5;70,47226261;36,08805306
5;76,79113007;28,07200817
5;72,40935459;33,03925697
5;76,27129982;25,56954415
5;76,95325914;27,77061074
5;75,10773009;30,01698342
5;75,9692852;29,03886538
5;75,28388701;24,87475317
5;77,05224064;27,90563909
5;42,82675634;25,55695941
5;42,08066069;24,94652645
5;39,87830465;18,32492922
5;36,47549917;17,71894779
5;37,10307364;15,44561165
5;34,14896821;13,52386987
5;37,57942191;15,01589013
5;41,06430579;12,21446893
5;42,19526615;20,91937219
5;36,60557824;15,74887589
5;39,43116121;19,32384075
5;37,56207634;11,9284457
5;34,23811004;13,71315823
5;34,14094104;4,57766135
5;36,6592677;17,68196446
5;40,64371928;20,24086137
5;36,79248159;13,39213473
5;75,94830064;22,74479591
5;76,84069247;20,91854722
5;81,95047764;19,87455821
5;81,64370569;16,59175998
5;84,61021978;14,2477619
5;84,10287943;8,98065579
5;80,18002545;19,08884413
5;80,57327299;8,365638902
5;79,00432686;10,62819777
5;40,04818647;24,26148793
5;34,79459354;13,96968346
5;79,22176444;22,09459148
5;36,03087977;93,12173324
5;34,49955831;86,60998505
5;31,10686656;89,46163524
6;58,21360826;91,88189151
6;58,19605369;92,21498865
6;58,71823072;90,31053209
6;57,27837287;89,90760672
6;58,08202049;92,00814501
6;57,48944777;88,08528556
6;28,08874132;63,51079443
6;28,08546821;63,59019695
6;28,08727305;63,12328281
6;27,57802522;62,82103866
6;27,77991911;63,51814752
6;28,58899981;63,02408057
6;28,7391415;62,72086389
6;27,02460324;62,90185886
6;28,8013367;63,38904039
6;27,18646384;63,55872965
6;29,2851466;63,38360583
6;39,4029453;51,1508572
6;28,81132844;61,35785406
6;34,30395791;56,54212591
6;29,60276098;60,15734672
6;49,11615686;63,66000062
6;39,61754583;62,92518796
6;43,23308466;63,16521872
6;64,89278794;65,81417676
6;62,49014932;74,58428961
6;68,98808443;63,23214731
6;62,10561863;75,99087076
6;32,46184674;62,88190292
6;41,32720065;49,07025127
6;44,00714993;46,44967378
6;44,07406069;34,55320389
6;44,00131524;33,90420735
6;45,00630045;38,29901955
6;44,44384061;36,0190833
6;42,1787134;26,49211948
6;44,04456562;35,66223828
6;41,64045402;27,09309542
6;41,93833001;24,99152298
6;44,05392751;33,55639249
6;39,20671933;51,5337157
6;28,70444923;61,7775254
6;31,7086629;58,83775437
6;42,81171147;30,02044842
6;43,30061489;31,5264262
6;40,39863291;16,34700838
6;40,43569158;20,23267068
6;40,93654667;16,91300484
6;39,66157367;15,60935558
6;40,89925918;20,79852895
6;41,96861683;26,4970726
6;40,38340582;21,39122552
6;56,53812645;32,44424547
6;52,97069128;29,04019669
6;54,62095259;30,34452445
6;65,09904439;27,24155756
6;63,05599091;29,70909567
6;70,96013623;41,25950129
6;69,89581924;43,45375927
6;70,59589286;41,96474387
6;69,64702143;44,04444502
6;77,39298249;63,37145906
6;64,40078719;67,44871845
6;63,86895983;70,21373883
6;56,59442132;86,92700622
6;56,53133729;87,49981107
6;59,65215837;87,80946159
6;56,6365087;85,63749556
6;58,672288;90,07716031
6;58,22161273;90,41101877
6;57,91466448;89,95380277
6;55,31550906;80,25186069
6;54,57572859;77,53628847
6;54,41309365;78,22908659
6;55,0745059;79,81754642
6;29,43296052;60,80177654
6;29,42268607;63,06846482
6;29,00561416;63,39075133
6;58,46183859;90,26532639
6;57,99780474;92,15990861
6;57,54947408;90,74890656
6;59,52992846;88,32727415
6;58,24939106;92,12968148
6;58,02451401;91,69442117
6;58,38212449;90,55347607
6;62,56675904;77,74393476
6;72,17582431;63,12892942
6;79,47276157;63,40868612
6;80,35770088;63,29543754
6;78,75723614;53,33262001
6;82,54023959;56,54105229
6;86,43589719;59,79276181
6;79,48868442;53,65167426
6;81,53042032;56,02536457
6;79,18678857;53,23479185
6;77,89905795;51,82245833
6;75,13071421;23,37244197
6;76,05801375;16,38374969
6;57,61467439;33,82244765
6;56,17139753;32,11798877
6;66,2878906;26,11710975
6;67,88171962;24,23601841
6;64,0280813;27,67268551
6;77,49665175;14,94852356
6;77,63465176;14,46185393
6;77,86372643;14,61067765
6;77,33815817;15,89005466
6;76,18041653;15,91257375
6;77,25265109;15,15151702
6;77,41337528;15,22192798
6;76,7318494;16,21684614
6;49,47110541;25,06301931
6;42,47653994;18,33847356
6;43,59511586;19,99420098
6;50,33996967;26,47139661
6;40,74898026;16,18214166
6;38,38652558;14,58021515
6;38,40401521;14,45194845
6;38,76427889;14,36559047
6;41,47014233;17,27803344
6;47,15540481;22,37793253
6;39,58256675;17,64845284
6;41,74024382;17,82932431
6;39,31187189;15,64071697
6;41,67984769;17,74591901
6;39,08746445;15,12230394
6;41,48150286;18,04743744
6;77,60608655;15,16287254
6;75,98266152;16,30692238
6;76,94575724;15,85847833
6;77,54372007;15,25394915
6;77,58473984;15,83003939
6;76,82230426;15,59516532
6;77,34857166;15,77452924
6;77,57315269;14,78064583
6;77,97261068;14,95569875
6;41,52891976;24,91642519
6;43,7225508;19,0773278
6;79,32607818;52,90039129
6;56,66397408;87,94012501
6;57,82178923;90,69316655
6;58,2431719;92,10432787
7;57,61323355;83,9051708
7;51,27439182;82,81798294
7;50,75389841;76,75412895
7;37,02118401;81,95447
7;42,88175509;80,18477005
7;37,15571048;84,95411141
7;38,73185813;83,78935643
7;31,00052541;82,5794806
7;25,98549962;74,34938755
7;23,71456629;75,09804908
7;23,07731951;71,72053967
7;24,93913687;72,58028581
7;17,89349871;71,10968734
7;23,67308186;64,87083914
7;23,74907191;63,5571719
7;32,21517863;65,60095802
7;29,43684125;67,55452811
7;40,0500952;71,88903357
7;37,57479502;69,98874444
7;49,31046863;67,16876032
7;47,34801855;72,59161154
7;50,15741443;71,16172582
7;58,21000827;68,04453807
7;56,60890766;70,40894609
7;52,83382053;72,55188627
7;61,81858546;76,11282402
7;61,72763341;77,06923841
7;62,19225208;76,15681921
7;58,11876586;73,11896147
7;58,27041238;35,59689504
7;59,76653031;32,6212516
7;52,53553472;27,17412294
7;50,89252158;29,14528394
7;49,96755118;28,46020333
7;51,34788323;27,36426023
7;37,55511629;24,53766384
7;39,19959418;23,68049566
7;36,3827222;25,23800523
7;41,10069438;26,55261322
7;28,21781182;28,28029248
7;33,79707204;28,69975074
7;43,91938731;27,79784459
7;44,41640111;28,94769233
7;28,03760277;26,80382436
7;31,68957613;26,66640021
7;27,27961285;19,25728097
7;31,22187836;26,44085578
7;33,5458051;20,0807081
7;39,73633061;23,49480698
7;42,84184265;20,33390044
7;47,09372989;26,99347063
7;51,45365835;26,02294175
7;49,36770682;22,0055807
7;48,25348097;29,27085553
7;61,00295976;30,01531443
7;60,8065608;27,86831349
7;59,06742702;26,78828402
7;61,41463372;31,03937506
7;68,93436947;31,61989309
7;63,06524386;34,23574659
7;72,27252287;67,64444379
7;75,35988197;75,42161458
7;72,83362587;72,11469381
7;70,81041484;79,35046183
7;45,80193476;81,65826775
7;45,83502017;82,74259199
7;40,07880645;80,24718526
7;51,9829247;82,20438347
7;57,33790605;84,99951887
7;62,33623276;83,2465679
7;58,50591009;81,74558634
7;56,24793514;83,51394949
7;55,40652083;80,26667197
7;53,28396884;84,26359922
7;44,67676155;80,23828555
7;30,01126425;68,14675637
7;29,74525392;74,40452683
7;37,30994835;72,5861552
7;61,13594691;82,53756936
7;61,72061919;85,70569345
7;63,60937986;83,36002884
7;70,72371623;87,15220752
7;75,00639264;82,42583516
7;75,09254978;83,43739071
7;70,32792918;82,0293547
7;70,86333083;79,40817475
7;75,77990482;79,88619942
7;78,09365907;77,75955818
7;76,74576122;71,97336009
7;78,46460344;69,74930082
7;76,74568485;70,04405726
7;85,16168219;65,51240471
7;91,80835257;34,96559448
7;91,88744859;34,76925386
7;92,24840166;32,37715443
7;91,78253274;34,38429465
7;96,08051937;28,0536005
7;92,24789883;28,07075149
7;57,66227662;24,06060793
7;59,84692489;26,17771249
7;64,06709621;27,77650056
7;60,9815014;23,93429816
7;59,96705791;26,80258322
7;62,70745411;21,99550858
7;69,1952352;22,70979217
7;65,59236265;20,6941731
7;64,61709853;22,44314555
7;59,19115913;17,76790181
7;55,83963137;21,61856967
7;59,00075862;21,17100749
7;56,45937113;25,14456421
7;52,35810536;19,41705412
7;51,81166378;17,0334946
7;54,22284562;19,50366554
7;49,0187554;23,48927402
7;35,6535812;17,51450806
7;46,96578576;16,78920162
7;49,58423926;16,75791601
7;51,85629997;21,96908401
7;55,95288863;16,7897576
7;51,66378626;19,9251252
7;45,85966932;17,12890368
7;39,74037952;18,74105141
7;52,81122164;17,85498812
7;56,78910436;17,30611552
7;54,11453178;17,67353439
7;55,57111973;17,36957458
7;65,3064625;18,19735483
7;66,99074915;17,22287065
7;72,15671894;16,81427479
7;70,9805804;17,15575228
7;72,22208221;19,3692817
7;79,70015835;20,74021837
7;64,24916065;14,91396246
7;66,94329143;20,1891325
7;66,94167666;18,24350939
7;39,64826665;22,73136637
7;37,94978369;26,52174923
7;86,50439056;34,89402529
7;50,81548536;78,95083881
7;51,18346666;85,12885465
7;40,86385523;82,9261453
8;51,14791671;90,86741233
8;50,51712581;89,10239459
8;50,2074802;85,4600474
8;50,06948192;83,05766953
8;50,56284634;82,93782178
8;50,2885278;82,97525357
8;25,58347508;82,91489113
8;25,48358339;82,92908498
8;25,4435257;82,8742005
8;25,56511342;82,92409777
8;25,92884427;82,82118411
8;27,55147826;51,48738653
8;27,53046637;51,41484656
8;27,09557036;52,07679944
8;27,43924961;51,71207905
8;27,87826426;50,70890793
8;27,33886892;51,65304675
8;27,67840297;51,18198917
8;52,63565768;51,41855226
8;52,02521411;52,12301105
8;52,88116479;50,62155476
8;52,95260731;50,07473901
8;52,52055249;51,5024421
8;52,34282206;51,86195209
8;51,92759021;52,25779061
8;52,71377449;51,19794432
8;50,44380279;82,94182882
8;50,21669503;83,75234297
8;52,18418011;51,97525067
8;52,79209735;51,07339565
8;52,58971986;51,3380902
8;52,02884867;52,1768375
8;52,72924658;51,20176505
8;52,88431329;50,44143545
8;52,50930089;51,41620515
8;50,86268433;17,14563109
8;50,89149225;17,14132373
8;25,8551276;17,08190869
8;26,02564455;16,92501353
8;27,89317272;50,66196341
8;27,63996794;51,39909748
8;27,8926589;50,79528152
8;52,79773294;50,68603709
8;27,58063881;51,52476126
8;26,49139853;17,40539097
8;25,98531782;17,20372213
8;26,20141928;17,09382391
8;25,85756947;17,11384266
8;50,70468436;17,02374454
8;50,81197535;17,11492526
8;50,56484556;17,07777732
8;50,93930391;16,98102188
8;50,45885484;17,03857897
8;52,90136407;50,69056272
8;52,68495344;51,29446922
8;52,50008894;51,59435617
8;51,83563726;52,33576553
8;76,9954121;52,04552865
8;77,31060048;51,74673004
8;77,92604434;50,31866042
8;77,25438834;51,46182482
8;76,2431578;52,12368985
8;77,08448437;51,9671367
8;75,2280532;82,98566202
8;50,65835477;83,11447934
8;50,20336581;82,98265686
8;50,9295477;82,84604113
8;50,17867185;83,18462233
8;50,42269806;82,90990147
8;50,46422483;82,93532841
8;50,44927033;83,96992038
8;49,92838028;82,99366549
8;50,48801364;83,09951912
8;49,96490538;83,7083177
8;50,75210826;82,9019501
8;27,42242921;51,43887623
8;27,6740834;51,30411215
8;27,53739532;51,59365408
8;52,26334738;94,24932783
8;51,73728166;92,97911753
8;75,87096369;88,38644174
8;75,24432621;83,90349738
8;75,19829529;83,46230334
8;75,70104153;82,91945886
8;75,47933966;82,88405139
8;75,19456687;82,93211578
8;74,82025396;82,96238879
8;75,16434049;83,03499717
8;75,26335555;82,9452793
8;77,75641893;51,15177033
8;77,95443505;50,47557897
8;77,08333777;52,15779927
8;76,06355025;52,10465206
8;77,68201632;51,16563781
8;76,87808198;51,8675623
8;76,94850272;51,90751654
8;77,86405471;49,66254553
8;75,77145009;17,11125121
8;52,33156913;51,87886035
8;52,59281837;51,39159152
8;50,47704772;17,04828941
8;75,29647509;17,01565319
8;75,57395413;17,06219214
8;75,40052716;17,04110689
8;75,87099084;17,13489391
8;75,60588476;17,06772306
8;75,89557705;17,16994971
8;75,7465632;17,10571651
8;75,14234148;16,75492389
8;50,66177956;17,07814052
8;50,69985064;17,08518438
8;50,91894087;17,14760476
8;50,72525854;16,90746981
8;51,26387123;17,16234971
8;51,25091965;17,24045586
8;50,78515721;17,18019648
8;50,50139658;17,10577072
8;50,73367454;16,99296341
8;50,71137854;17,08831585
8;50,8127449;16,57271805
8;51,01423296;17,22109553
8;50,35352141;17,06474308
8;50,43552957;17,0651685
8;50,63098196;17,07652235
8;51,0668072;17,20885971
8;50,79235473;17,20421434
8;50,55127806;17,08465518
8;50,55975806;17,09388377
8;75,32597855;15,77189199
8;75,04472578;17,00426226
8;75,28708772;16,17493491
8;75,23996998;17,03184749
8;75,1524592;17,0049424
8;75,96184009;16,69484223
8;75,44806251;17,04514941
8;75,75938382;16,94292965
8;50,3782623;16,94627981
8;50,53363501;17,01958137
8;77,50090732;50,16698595
8;50,69112419;87,51396042
8;49,99039495;83,99735692
8;50,12718203;82,99075
9;55,99303015;79,2772637
9;50,03225379;79,0130712
9;51,28845866;82,43593984
9;51,17053689;79,16529411
9;44,37791453;78,164628
9;45,01027007;77,88086312
9;48,55981672;78,7883706
9;42,14226829;76,88063455
9;41,02697157;76,40958846
9;34,57530901;72,72484118
9;31,16860072;69,24542132
9;32,64425407;70,73255503
9;26,66664565;62,98097121
9;26,45926233;62,63467337
9;25,53800765;60,63023611
9;26,32071119;62,39628112
9;26,16338746;62,0268149
9;25,21379046;60,2733986
9;26,85952956;63,14183467
9;31,76066917;69,79765539
9;39,79329057;75,80796422
9;45,61743919;78,11997023
9;53,77146068;79,30293164
9;56,45143367;79,24710702
9;66,0937202;77,01781826
9;56,92583942;79,20631862
9;58,98825385;78,91725896
9;57,90226605;79,08086782
9;64,81286696;77,48693892
9;60,34979352;78,72944587
9;48,89055576;16,80654352
9;47,54950635;17,07140452
9;30,88943083;26,32903723
9;28,97283572;29,05046892
9;35,16136075;22,78684965
9;45,87036917;17,48939337
9;32,83142061;24,79753815
9;39,48557479;20,03305005
9;33,44618293;24,19064341
9;21,86358128;46,05259335
9;25,16587084;35,76661395
9;22,95947898;51,28770679
9;25,58605524;60,84658336
9;26,31431007;33,2971681
9;33,03730125;24,56446249
9;36,46888948;21,87611447
9;26,5135531;32,91874982
9;36,02709121;22,19543854
9;42,68104041;18,5425362
9;45,04107713;17,73451773
9;47,35241646;17,13474543
9;53,84619403;16,3873181
9;55,12963938;16,35324687
9;52,18811996;16,41821747
9;58,67266308;16,66337243
9;82,1443116;33,19522187
9;75,68657114;24,74151039
9;85,3449645;52,88641987
9;83,84465351;58,61606023
9;85,66476066;45,54275277
9;77,93100493;68,69006188
9;73,03183302;73,12057473
9;70,1028045;75,68320685
9;57,14469469;79,19410259
9;46,96246199;78,666559
9;50,56493381;79,07729855
9;53,71967657;79,30693617
9;54,20023232;79,32500234
9;47,87519834;78,67585343
9;51,47345851;79,159867
9;52,75122222;79,29365993
9;48,562223;78,78238353
9;53,08124169;79,29725077
9;56,47538337;79,1678401
9;49,57091141;79,03812388
9;37,6277033;74,55750434
9;32,26370009;70,3166389
9;32,54238034;70,70241721
9;52,82501719;85,57813388
9;58,52828954;78,97870425
9;56,26583426;79,25293949
9;57,07589242;79,19392254
9;54,25640238;79,31386485
9;62,68567125;78,17474327
9;68,08560586;76,1123175
9;65,11812196;77,39918845
9;68,7456313;75,79005545
9;63,09022514;78,0414095
9;77,20458932;69,31214977
9;82,03390848;62,68186979
9;81,57794592;63,8949255
9;85,18014328;53,78167666
9;84,28682499;57,25616809
9;85,62248671;45,02416586
9;85,60449902;50,76233791
9;84,42478583;38,76141016
9;85,57098508;44,56009644
9;84,6267242;39,48707751
9;73,39615493;22,81624794
9;73,50744773;22,85698876
9;63,35648811;17,72406884
9;72,95904687;22,51149983
9;64,02084165;17,88358125
9;61,12446324;17,11635336
9;75,67420733;24,78250097
9;69,51358316;20,27935789
9;58,57213547;16,64270381
9;70,98194099;21,1458881
9;65,2230304;18,39719512
9;65,31504391;18,3337483
9;64,01024068;17,92447819
9;57,14093593;16,59861054
9;56,36515326;16,32654637
9;43,04618324;18,40255939
9;52,08175556;16,45387453
9;42,87903652;18,48941103
9;51,5669948;16,48571364
9;58,83912512;16,63763522
9;60,75578914;17,03323151
9;54,76115612;16,3661891
9;53,569905;16,33971255
9;48,91461824;16,79863708
9;52,64613731;16,38483638
9;49,83849299;16,67633028
9;52,6840664;16,40796278
9;65,80721903;18,14076495
9;60,67392092;17,05180236
9;63,39471287;17,70053514
9;64,80200945;18,21687863
9;65,02593981;18,2878245
9;65,75555154;18,51621583
9;69,96773412;20,53898878
9;68,89278402;20,03244884
9;61,82654656;17,26965545
9;60,78797008;17,04620486
9;61,91560964;17,28219122
9;45,02899753;17,7244473
9;39,92136281;19,70184953
9;84,79427788;55,56865037
9;55,66295874;83,35647962
9;50,49224751;78,99753207
9;51,46710114;79,20184458
10;51,20389114;83,33977661
10;58,9744699;85,49981761
10;51,87207267;85,82973763
10;48,17993079;85,04511674
10;41,6832004;84,0179406
10;37,8904155;82,567493
10;39,54897369;80,81260177
10;39,64957388;82,66453387
10;34,75059705;80,01109099
10;27,56083529;72,84782559
10;24,63553998;71,61071483
10;20,95946481;66,04149838
10;20,68914905;62,72130521
10;19,28820474;62,06305936
10;20,02450057;61,34262387
10;35,469523;43,11588495
10;36,89432765;47,70655597
10;39,05554978;55,54697371
10;46,95708015;65,24040739
10;37,31045274;45,2587509
10;40,009672;60,98658251
10;48,01438668;65,71281959
10;53,70377593;66,38948204
10;63,06749989;64,03500046
10;62,04803251;63,84586325
10;59,83996671;64,47676444
10;55,16094182;65,23730817
10;61,27978658;65,7664025
10;60,83491753;64,60376971
10;61,52059065;64,79185504
10;36,91654386;41,09524744
10;38,50219967;41,56715562
10;48,66437073;30,68066685
10;50,2852524;30,33792211
10;42,27633267;34,52763612
10;54,03177562;29,67234831
10;37,32935526;39,60204231
10;41,38952255;37,29605623
10;40,07466666;34,6236852
10;35,34968062;47,14107313
10;34,76370042;47,62479992
10;37,02662945;44,46229305
10;36,45556953;40,79184303
10;35,53766421;48,72938687
10;20,40894789;32,20303042
10;23,49571047;25,32246815
10;29,55754336;21,36477746
10;33,00823391;15,98507146
10;53,98039918;29,35098671
10;52,2343086;29,71167299
10;59,50307661;30,66967394
10;41,16378107;34,31575825
10;48,99304012;32,03035884
10;59,26928032;29,64070177
10;45,469177;33,83119273
10;62,69126654;30,29037383
10;73,42867087;48,57785513
10;70,84642611;52,28225333
10;71,53901985;45,52180616
10;67,62086589;38,00655847
10;72,47095256;51,12213482
10;64,81223756;62,81091559
10;60,85367987;65,49914703
10;67,78949616;61,36370155
10;41,60955727;83,84868656
10;53,00302532;84,6747986
10;54,71417106;84,04312807
10;44,29166872;82,90944121
10;49,19172196;85,87622912
10;53,10138178;84,54765869
10;51,59984815;84,81982149
10;54,37972195;84,24035555
10;46,4807681;83,51821167
10;53,17465627;84,26056799
10;45,27200294;85,23707942
10;36,03340215;53,37168776
10;28,27119417;72,84023126
10;25,05480608;71,54859792
10;64,758887;82,31522364
10;63,14452748;85,23669633
10;50,42467869;85,17474759
10;70,64499626;82,43091876
10;63,14904908;83,94685535
10;62,82402452;84,96618595
10;70,23686952;82,17115106
10;70,04273524;80,38502135
10;72,57062345;80,97121843
10;75,13071604;79,98409314
10;83,29390573;70,77843179
10;79,66426228;73,93230972
10;88,43210253;64,624247
10;89,11555901;64,00150664
10;89,09219763;57,76819305
10;91,72600577;52,62335326
10;91,73553876;48,97021089
10;91,50788817;53,31265209
10;88,2390019;31,47743488
10;88,5305192;30,47603101
10;55,36516034;30,44585028
10;62,56025887;30,44713567
10;58,00666912;30,2537213
10;55,06711799;29,0115352
10;61,61477596;29,99439119
10;68,54314354;35,65783217
10;77,70610965;20,30426019
10;68,453046;13,03552859
10;68,25720644;12,38463915
10;70,25547467;13,25038497
10;65,04432528;11,00084148
10;60,09224661;11,87211171
10;52,99202897;9,906668483
10;50,14462898;12,21154309
10;46,50861419;11,20713449
10;43,80703196;11,31894489
10;57,81785469;10,94514243
10;50,94049266;9,691547134
10;63,49732308;11,91406917
10;50,01648295;11,93385209
10;58,63676508;11,97472107
10;54,73028909;11,41288267
10;65,8755478;11,73243636
10;57,06098271;9,920560854
10;46,81990795;10,49465268
10;38,35939487;13,43132262
10;47,31541578;12,85345178
10;55,05191654;11,94998862
10;50,51596026;9,765591622
10;49,67741465;10,38313251
10;67,28065952;14,12865153
10;66,17301826;12,03791702
10;61,08854414;10,08453441
10;66,05308577;13,38022601
10;72,66998927;15,23422594
10;61,5034725;10,82841448
10;68,99502863;13,99431053
10;78,24991617;17,88324091
10;36,48198057;15,16276009
10;50,96774838;29,67977429
10;91,19105361;46,67434284
10;55,86376849;85,33648676
10;49,2805948;84,04882283
10;43,36850154;84,3321772
11;47,69520089;95,24118693
11;44,60997591;93,07583503
11;43,85638148;94,08587177
11;41,5789294;90,30356654
11;49,17741856;96,61053245
11;42,65225098;90,56063973
11;30,12333182;81,14429533
11;31,91551999;79,79041349
11;27,88771936;75,44557599
11;27,54823445;75,16475905
11;20,20977816;67,5166421
11;24,44345283;54,47365512
11;24,63083013;53,3957389
11;21,0379689;49,82929965
11;27,10624293;54,71955315
11;28,08961766;60,51221255
11;31,13573492;61,43191271
11;37,70083752;68,41840528
11;43,3926884;43,59759407
11;51,26239748;49,66650513
11;43,28671292;43,05686032
11;55,90591623;54,25267253
11;50,19895895;52,22502959
11;55,76158737;54,03051724
11;58,32313965;60,03105916
11;70,17145753;70,28222124
11;60,60027647;59,75330888
11;63,76027502;61,18564117
11;54,38949526;53,81190123
11;55,24129699;52,59357463
11;49,07012675;48,89694468
11;46,01811902;46,25772337
11;44,75958744;41,97460661
11;51,60062413;50,03246689
11;36,46588202;35,52418761
11;33,39479873;35,01680131
11;37,58007157;38,8315722
11;36,61972206;36,81141411
11;36,16346644;33,8193142
11;33,16775703;31,24774117
11;42,64498293;40,15432164
11;47,22502527;44,57564662
11;48,392363;50,33152856
11;27,2451932;29,81950745
11;30,40431434;29,07953992
11;30,08079929;27,58802552
11;33,98063397;35,03305815
11;34,25061176;34,44158657
11;51,14118357;20,61832378
11;49,89959207;19,56408354
11;55,58987734;26,29924511
11;55,48205636;22,82746624
11;63,57293938;32,93861761
11;59,02507708;28,32208588
11;62,42377859;33,48659529
11;47,8499077;48,55662465
11;52,26856168;52,8052402
11;68,85102158;39,57343427
11;65,67639603;35,10931543
11;77,74688511;47,37182411
11;80,35293412;47,80029889
11;60,33758649;63,03495933
11;61,65872333;64,10002348
11;71,54503899;72,65771633
11;49,04095664;77,36258327
11;51,88688802;80,11360769
11;57,96898144;85,35604573
11;54,85566465;83,78339767
11;54,13319546;83,79399608
11;51,30882526;80,13639116
11;61,12039438;88,70405291
11;55,56386503;85,81037514
11;55,04412336;83,54141063
11;50,44418532;78,19588831
11;43,827709;71,04705221
11;37,79143238;66,85464103
11;29,29278311;59,79199693
11;32,19209695;60,20065091
11;51,43393552;99,25686729
11;67,46413981;95,99996391
11;65,15070528;92,50263374
11;65,5834277;93,51706094
11;69,28897314;99,57959113
11;81,26944055;80,63594493
11;78,57574484;76,81570309
11;74,1867735;74,34420415
11;72,62220941;74,52696565
11;75,14151959;73,81966846
11;75,16866784;73,90044488
11;85,32420289;55,38857883
11;84,0905076;56,30196801
11;86,25622382;55,83093038
11;92,54879332;42,90190791
11;90,34263451;37,7803861
11;85,8191629;37,57138618
11;90,44181811;40,13311342
11;92,01755908;39,91793113
11;95,26052784;46,00883027
11;41,2902998;42,31155241
11;66,43132432;36,53610974
11;63,98634689;32,71343161
11;61,26968209;29,38572405
11;60,74938919;28,05173634
11;64,65523056;16,61227651
11;68,63828071;18,5080129
11;65,77666516;16,78765607
11;71,13412634;19,38595753
11;63,7231835;14,5214212
11;73,00149407;24,07381254
11;72,4366575;20,57834511
11;68,41276712;19,91312654
11;52,85831502;20,235061
11;53,52995267;24,24191558
11;50,75974105;18,0893946
11;42,53480844;10,16986846
11;41,53039785;13,39629075
11;46,71451799;15,61327447
11;48,45061765;16,21227822
11;59,63261012;7,058037199
11;61,61856825;13,41082272
11;48,83398913;17,72595587
11;45,34265319;13,90881239
11;42,41501229;11,6937811
11;58,93476506;9,369201219
11;60,68362604;10,63264156
11;54,81179837;6,569648703
11;61,58684243;11,02758584
11;59,71600776;11,51909686
11;58,41638401;5,645777483
11;59,24380953;10,54014209
11;56,59436464;8,917344045
11;68,49251322;17,98736343
11;65,00594317;15,91266865
11;63,92103671;15,62096103
11;53,51297054;5,875109528
11;57,83280627;9,222384623
11;31,03291744;28,92814189
11;31,33324409;32,53856948
11;86,40154985;38,74693317
11;47,44211164;98,18430186
11;46,26474134;94,11619216
11;40,16381574;87,44867235
12;52,87202149;97,34322266
12;59,01414449;93,57487487
12;56,37510904;96,30514763
12;37,83919968;94,3594435
12;39,88537342;90,63466208
12;44,07740513;84,1258533
12;31,49702549;67,91256216
12;25,95259655;73,03318035
12;36,43472391;62,29404546
12;24,99748269;75,44156166
12;32,24627514;70,11058684
12;18,10947229;53,70811033
12;21,79609923;49,49952952
12;24,15049107;47,18853353
12;28,6031956;44,2237227
12;20,93199968;51,64623549
12;35,43553253;34,96103816
12;44,37738282;57,68473692
12;46,31369241;55,68559177
12;46,38607392;51,00216454
12;42,49544009;56,90368153
12;44,30051503;58,13295928
12;46,98828335;55,42063673
12;52,42152316;47,86700549
12;64,09099819;68,65098501
12;63,01687176;68,22525891
12;67,30257792;64,41346272
12;67,22595689;62,47641053
12;50,30998872;47,26788186
12;45,41263892;53,87079769
12;54,02060718;47,26989721
12;49,84202225;50,57655229
12;50,71329957;48,77228678
12;55,04555491;45,98627275
12;37,54370126;32,88402447
12;39,79589781;28,44321912
12;28,52339102;39,79666625
12;31,399646;39,26526322
12;39,24156522;33,36141668
12;27,71405657;42,25005163
12;32,96070352;35,82311129
12;35,40473624;31,9391622
12;51,64222642;50,83834068
12;34,20762084;33,59380544
12;36,52348922;35,67104839
12;28,41920213;21,31574825
12;26,16049694;23,04223147
12;40,4353274;27,64007114
12;44,54495531;27,36224262
12;40,1237272;30,07316194
12;42,18480645;28,57367473
12;40,00265929;27,48751
12;57,12523105;42,73901914
12;60,37574497;41,356458
12;55,10589613;46,14905106
12;61,73727102;38,58484401
12;55,74124432;46,65357698
12;58,29640842;41,58319773
12;57,04254822;42,41875774
12;76,77561121;55,2545987
12;71,88707726;59,26699262
12;73,78837307;58,62081212
12;75,13968473;54,24455218
12;64,59631891;65,95251293
12;46,90953863;85,60226116
12;46,9051032;81,56564241
12;49,80698774;82,08502559
12;48,86324182;83,15835749
12;66,7481899;84,00483417
12;62,35976628;90,24365992
12;47,3748965;83,47155552
12;47,44646672;82,62212401
12;53,38528063;78,87113626
12;49,45270777;79,9306028
12;54,80268254;75,36398499
12;37,08824513;60,8572275
12;32,37596192;68,51082046
12;37,47701388;63,78868557
12;52,4066489;96,42541501
12;50,29704327;99,64417917
12;61,56332438;89,86413886
12;61,08656039;89,22435565
12;59,2364904;91,48110058
12;66,15400509;84,11193703
12;67,23133478;85,05564081
12;73,70990687;78,2706109
12;76,58045136;72,89153368
12;78,87658116;71,56252768
12;77,44900214;72,44730949
12;86,85370735;65,54332402
12;79,8065313;52,72317979
12;76,98827347;54,2027848
12;79,4793575;49,14101545
12;82,30415956;46,99090362
12;90,70069125;41,46670301
12;95,44348781;36,18970161
12;94,99748805;35,09530111
12;91,51784725;36,89026313
12;62,29264219;40,02953331
12;59,20347561;41,27067767
12;65,25639277;32,85410412
12;62,4447425;35,41499923
12;72,46240629;27,62426383
12;69,91942626;29,31109272
12;77,76285908;23,49137356
12;72,7784102;26,90053537
12;65,19831667;33,02717179
12;69,45985889;30,19703151
12;59,31505552;12,35431367
12;51,48771336;20,84361069
12;57,11244755;15,32178517
12;50,22441782;19,17096988
12;50,43386119;18,53487085
12;56,3803054;14,78845971
12;54,8635046;14,00961192
12;45,49985765;3,985426293
12;49,93674531;21,59009692
12;53,80987292;17,76641445
12;59,85267828;9,039949921
12;48,17565679;19,52121535
12;50,74171907;17,83840561
12;58,4597613;14,14866285
12;50,11459752;1,741461713
12;45,42038208;5,372408995
12;51,3532682;0,303872421
12;53,09170442;19,29003045
12;58,94316654;11,61287779
12;59,31099042;10,57213637
12;68,22219866;1,133880366
12;62,51177199;7,491232483
12;69,38005636;1,488132333
12;82,80024787;18,52937624
12;85,16033218;15,01836954
12;67,0958477;0,601490942
12;62,30775057;5,749974719
12;59,97041505;7,913310474
12;39,91163517;32,14402261
12;39,59650098;32,13613173
12;95,5934164;33,2341294
12;52,77228811;99,61347168
12;53,17861445;98,60386119
12;37,62705346;93,06067295
13;65,81554009;95,58837406
13;65,67226516;91,93340181
13;39,00271645;92,26183816
13;37,7953028;93,53245536
13;35,51390059;89,59919011
13;39,21945291;83,54348184
13;31,58820139;77,02805242
13;32,65777825;80,1138613
13;31,64159927;77,61083319
13;30,98714261;63,94402803
13;27,43963221;65,74446296
13;30,57836994;65,52194547
13;28,80940164;59,62100447
13;27,93951858;50,98506213
13;33,84994979;46,28447445
13;32,62846305;54,06372049
13;32,43865009;49,90301949
13;35,83829208;53,35148834
13;37,14204292;49,74198795
13;34,64454677;54,44410778
13;35,6754047;49,62564335
13;64,99458547;49,46217283
13;66,12914983;61,64371789
13;65,79065188;55,94537372
13;67,50178061;60,85022747
13;67,62951422;61,42910607
13;63,91006406;62,97233493
13;66,54935797;67,72558866
13;64,05154171;48,82009398
13;68,19328958;46,54354081
13;65,2783892;44,82035293
13;34,99766139;28,63299394
13;33,92376617;53,55868852
13;66,00445437;52,68466915
13;37,02325625;32,11848168
13;34,69827009;36,47535413
13;34,86344417;30,93927452
13;31,09006508;32,38375472
13;34,92130615;35,41843805
13;30,34336118;32,52456317
13;35,48332887;44,49163493
13;33,23491043;38,50248372
13;35,43994362;47,79751769
13;33,87350952;37,05602845
13;28,5641378;34,62639972
13;31,31954867;31,66399053
13;30,79617438;23,51903436
13;34,23335543;22,4959116
13;36,63078771;31,47683126
13;34,5486191;26,11108787
13;37,5196356;29,26760589
13;62,42569733;34,04420627
13;64,32038379;31,78562948
13;65,44553251;43,27349919
13;64,32563159;41,61597638
13;65,2643382;35,71754478
13;66,38870418;38,84474434
13;68,19142282;45,16948648
13;68,54066245;48,43852634
13;67,66143127;51,06858459
13;68,67551605;50,46523481
13;69,08170998;55,4740531
13;69,04871649;66,36604575
13;67,30822338;71,59029658
13;38,71489941;76,39697782
13;35,54809488;89,30497584
13;36,71067294;86,074967
13;64,91266244;87,64579606
13;66,06413574;89,20866858
13;64,93592948;87,07213812
13;67,02655071;76,22251533
13;65,31403223;77,93874403
13;64,29521778;84,12585721
13;38,79801214;74,61063043
13;34,67575731;79,63759877
13;30,71926194;58,81206008
13;34,10515093;64,12919723
13;33,42337185;67,09574336
13;66,31380967;98,93102704
13;65,30963145;98,16515684
13;65,71407607;99,28376395
13;67,59345319;90,95190982
13;66,38801732;89,28123047
13;67,80618811;91,68817735
13;70,96261031;86,51812135
13;71,99363717;78,82094807
13;72,47983433;80,80068306
13;74,07842923;72,95153085
13;72,03628802;69,71604842
13;72,99818627;59,66564471
13;74,81213123;57,58988376
13;73,02730502;46,27418787
13;77,06711193;51,48691819
13;75,01713687;46,62244265
13;76,66530773;38,44025097
13;77,91587423;45,92684338
13;73,74204608;39,12098532
13;75,32981579;32,83035192
13;63,41043551;38,37773561
13;68,85648667;43,08414721
13;66,33778505;33,30651
13;64,2037185;26,6441143
13;64,49863483;22,86350133
13;68,89099061;27,29620567
13;72,37152334;21,96163975
13;69,76542497;19,99985045
13;68,62131244;18,91567644
13;64,29773717;20,42874969
13;66,69926509;18,59108534
13;67,54452768;16,44793813
13;63,94695198;18,69284545
13;64,38819207;15,77281228
13;65,57004569;23,76575822
13;38,40283688;19,04685867
13;37,83236002;14,46948945
13;36,90416117;13,58381575
13;36,28614305;17,10577073
13;62,78663259;13,9189931
13;66,81767922;11,41249716
13;66,75502141;18,08530514
13;65,41552839;10,46351221
13;36,94633144;13,5143775
13;37,82543474;9,601034295
13;36,72283794;9,333302107
13;67,07332178;6,049214582
13;64,60181811;12,00191696
13;65,43728218;15,54538608
13;67,00402238;15,34582664
13;66,72419207;5,249805481
13;68,30761876;13,28091652
13;68,76804828;13,52145655
13;74,16727175;5,349880873
13;64,90035797;16,24525837
13;68,76343355;8,700572944
13;66,81691392;12,27329434
13;67,30934665;0,21700627
13;34,73182931;19,60179507
13;33,67444215;26,09049021
13;75,62725502;37,12875195
13;40,61012542;89,13623987
13;39,11436645;96,48175132
13;34,58382893;89,58890199
